video_id,title,published_at,duration,views,likes,comments
iiFeTSSDay4,Scientist-роП Shock роЖроХро┐роЯрпНроЯро╛ро░рпБЁЯШ▓ | Car Series | Ep - 03 | Vj SIddhu Vlogs,2025-08-08T09:45:07Z,PT22M,1285955,87712,1212
hfzo5nvkiEM,роЪрпЗроЯрпНроЯрпИроХрпНроХрпБ роЪрпЗродро╛ро░роорпН роЖроХро┐рокрпНрокрпЛроЪрпНроЪрпБ ЁЯШВЁЯдХ| Car Series  | Ep - 02 | VJ Siddhu Vlogs,2025-08-06T09:30:07Z,PT15M,1765012,110805,647
Gjv3jItyEuA,роироороХрпНроХрпБро│рпНро│ роОройрпНройроЯро╛ Personal роЗро░рпБроХрпНроХрпБтЭдя╕ПтАНЁЯФеЁЯлВ  | Car Series  | Ep - 01 | VJ Siddhu Vlogs,2025-08-03T04:30:07Z,PT17M26S,2126525,130878,1015
nXgF4zA4oNs,Game-роХрпНроХрпБ Ready-ропро╛ Friends ЁЯОоЁЯФе | Vj Siddhu Vlogs,2025-08-01T09:30:18Z,PT17M15S,1889891,110024,838
q2kiw19EWOk,China Series Deleted Scenes ЁЯОмЁЯУ╕ | Vj Siddhu Vlogs,2025-07-30T09:30:07Z,PT13M9S,1564983,89858,1347
OHL1wjAqYPo,Bangalore Series Re-release Full Movie ЁЯФе | 4K | Vj Siddhu Vlogs,2025-07-28T09:30:07Z,PT1H37M22S,737688,30359,320
JPf-7pMEJAM,родрпЗро╡рпИропро┐ро▓рпНро▓ро╛роо рокрпЛропрпН рооро╛роЯрпНроЯро┐роХрпНроХро┐роЯрпНроЯрпЛроорпН ЁЯШ▒ЁЯдХ | China Series | Ep - 16 | Vj Siddhu Vlogs,2025-07-27T04:30:08Z,PT20M58S,2525605,157160,1943
u6kQOZDpcvs,рооро▓рпИ роЙроЪрпНроЪро┐ро▓ рооро░рог рокрпАродро┐ропро╛роХро┐ро░рпБроЪрпНроЪрпБЁЯШ▒тЪая╕П | China Series | Ep - 15 | Vj Siddhu Vlogs,2025-07-25T09:59:11Z,PT19M42S,2175045,123865,1419
kWJs1aVU3hA,China-роХрпНроХро╛ро░ройрпН роЕроЯроЩрпНроХрооро╛роЯрпНроЯрпБро▒ро╛ройрпН ропро╛ЁЯдпЁЯШ▒  | China Series | Ep - 14 | Vj Siddhu Vlogs,2025-07-23T09:30:07Z,PT25M30S,2168223,124145,1555
K9LQQIA-D9M,Bali Series Re-release Full Movie ЁЯФе | 4K | Vj Siddhu Vlogs,2025-07-21T09:30:07Z,PT3H17M59S,654332,24342,218
Rwl6604OF7o,роОройрпНройроЯро╛ роЗродрпБ RCB-роХрпНроХрпБ ро╡роирпНрод роЪрпЛродройрпИЁЯТФ ЁЯШУ | China Series | Ep -13 | Vj┬аSiddhu┬аVlogs,2025-07-20T04:30:07Z,PT18M52S,1772454,115178,970
PIzqLXUR2xw,Karma is a Boomerang┬аRaa ЁЯФБЁЯТе | China Series | Ep -12 | Vj Siddhu Vlogs,2025-07-18T09:44:23Z,PT19M16S,2051398,111962,736
cKbeJx3xpgc,"22ро╡родрпБ рооро╛роЯро┐, Bus-ро▓ роПро▒ро┐ рокрпЛроЯро┐┬аЁЯТГЁЯШВ | China Series | Ep -11 | Vj Siddhu Vlogs",2025-07-16T09:45:07Z,PT22M35S,2210312,124897,1655
Gen__j6J_x8,Japan Series Re-release Full Movie ЁЯФе | 4K | Vj siddhu vlogs,2025-07-14T10:15:45Z,PT3H49M49S,649136,23221,246
yyCsu3O4f1E,роОройрпНройроЯро╛ 1800rs-роХрпНроХрпБ Iphone ро╡ро┐роХрпНроХрпБро▒рпАроЩрпНроХЁЯШ│ЁЯУ▒ЁЯТ╕ | China Series | Ep -10 | Vj Siddhu Vlogs,2025-07-13T04:30:07Z,PT14M56S,2247902,117037,1098
wtlKyhY1vWs,Red Colour-ро▓ Panda роЗро░рпБроХрпНроХро╛ЁЯР╝ЁЯдй | China Series | Ep - 09 | Vj Siddhu Vlogs,2025-07-11T09:50:34Z,PT27M5S,2432009,129980,990
40RXHPxgQ1w,100% Goosebumps GuaranteedЁЯШ▒тЬи | China Series | Ep - 08 | Vj Siddhu Vlogs,2025-07-09T09:52:08Z,PT20M42S,2179419,130076,1445
1qq_3fEZ1pc,Goa Series Re-release Full Movie ЁЯФе | 4K | Vj siddhu vlogs,2025-07-07T09:30:07Z,PT4H20M19S,858775,28880,282
xb8CGOfKSIw,Train-ройрпНройрпБ Flight Speed-ро▓ рокрпЛроХрпБродрпБ ЁЯФетЬИя╕ПЁЯЪД | China Series | Ep - 07 | Vj Siddhu Vlogs,2025-07-06T04:30:08Z,PT17M43S,2738308,141509,1514
41lgW1YuUyI,роПроЩрпНроХЁЯШКЁЯе░...роиро╛ройрпН родро╛ройрпН-роЩрпНроХ роЙроЩрпНроХ рокрпКрогрпНроЯро╛роЯрпНроЯро┐ЁЯдн | China Series | Ep - 06 | Vj Siddhu Vlogs,2025-07-04T09:30:07Z,PT24M50S,2545455,136540,1484
1Ldqo7TpaMw,Chinese роОро▓рпНро▓ро╛ро░рпБроорпН роОрокрпНрокроЯро┐ Young-роЖ роЗро░рпБроХрпНроХро╛роЩрпНроХ ЁЯдпЁЯзШтАНтЩВЁЯН╡ | China Series | Ep - 05 |┬аVj┬аSiddhu┬аVlogs,2025-07-02T09:30:07Z,PT21M16S,2460253,136648,1675
W1FXd-JCXBs,Iniyan Series Re-release Full Movie ЁЯФе | 4K | Vj siddhu vlogs,2025-06-30T09:30:07Z,PT1H16M14S,611740,28601,280
uPEMBwt1AkI,China-ро▓ Robot ро╡ро╛роЩрпНроХрокрпНрокрпЛро▒рпЛроорпНЁЯдЦЁЯФе | China Series | Ep - 04 | Vj Siddhu Vlogs,2025-06-29T04:30:07Z,PT30M55S,2901051,148472,968
RW9JvKTjoY8,ро╡ро╛родрпНродрпБ  роХро▒ро┐ роЪро╛рокрпНрокро┐роЯ рокрпЛро▒рпЛроорпН ЁЯддЁЯФе | China Series | Ep-03 | Vj Siddhu Vlogs,2025-06-27T10:04:35Z,PT17M58S,2630596,173772,2487
bTS_Vj5cUXQ,China ро╡роирпНродрпБроЯрпНроЯрпЛроорпН ЁЯТеЁЯШНl China Series | Ep-02 | Vj Siddhu Vlogs,2025-06-25T09:30:07Z,PT17M57S,2687211,149222,1214
KNSyz7eX3eI,CCTV Series Re-release Full Movie ЁЯФе | 4K | Vj Siddhu Vlogs,2025-06-23T09:30:07Z,PT1H10M55S,1491962,59407,547
JyvCpn8hE4I,роХроЯрпИроЪро┐ роирпЗро░родрпНродрпБро▓ родро╛ройрпН роХро╛ро░рокрпНрокрпКро▒ро┐ ро╡рпЗрогрпБрооро╛ ЁЯМ╢тП░ЁЯН┐| China Series | Ep-01 |┬аVj┬аSiddhu┬аVlogs,2025-06-22T04:30:07Z,PT15M35S,2579951,148035,797
ehD304boTLY,роЗрокрпНрокроЯро┐ропрпКро░рпБ Bhai Friend родрпЗро╡рпИропро╛ЁЯзСтАНЁЯдЭтАНЁЯзСЁЯдФ? | Vj Siddhu Vlogs,2025-06-20T09:30:07Z,PT24M19S,2556495,160123,1589
VUBmvOHGre8,College Days-роХрпНроХрпЗ родро┐ро░рпБроорпНрок рокрпЛропрпНроЯрпНроЯрпЛроорпНЁЯдйЁЯШО | Vj Siddhu Vlogs,2025-06-18T09:40:08Z,PT14M31S,1967702,152071,1124
Et15x3Gvw0E,Bike Trip Series Re-release Full Movie ЁЯФе | 4K | Vj Siddhu Vlogs,2025-06-16T12:31:33Z,PT3H10M39S,1335822,51034,521
TrJq39uhFEw,роПройрпН Brother роОройрпНроХро┐роЯрпНроЯ роироЯро┐роХрпНроХрпБро▒рпАроЩрпНроХЁЯШТ | Bachelor Food Series | Ep - 06 | Vj Siddhu Vlogs,2025-06-15T04:30:08Z,PT18M23S,2021548,120717,789
FAeP6-_0jTQ,роиро▓рпНро▓ро╛ро░рпБроирпНрод рооройрпБро╖ройрпН роЗрокрпНроЯро┐ роЖропрпНроЯрпНроЯро╛ро░рпЗ ЁЯШЕЁЯНЬтЮбЁЯШм | Bachelor Food Series | Ep - 05 | Vj Siddhu Vlogs,2025-06-13T09:30:07Z,PT20M3S,2134071,130485,836
NR5wFN0U1hU,рокро▓рпНро▓ро╛ро╡ро░роорпН-ро▓ роЗрокрпНрокроЯро┐ропрпКро░рпБ роХроЯрпИропро╛ ЁЯШ▓ | Bachelor Food Series | Ep - 04 | Vj Siddhu Vlogs,2025-06-11T09:30:07Z,PT17M33S,2369931,139393,1058
lC-Bdpdw7VM,роХрпКродрпНродрпБ рокро░рпЛроЯрпНроЯро╛ роХро▒ро┐ родрпЛроЪрпИройрпНройрпБ роХро▓роХрпНроХрпБроорпН роХрпБроЯрпБроорпНрокроорпНЁЯШЛЁЯе│ | Bachelor Food Series | Ep - 03 |┬аVj┬аSiddhu┬аVlogs,2025-06-08T04:30:07Z,PT18M1S,2529408,160791,841
RtZaUf0TZ4M,роЪрпАро░роХроЪроорпНрокро╛ Vs рокро╛ро╕рпНроородро┐|роОродрпБ рокрпЖро░рпБроЪрпБройрпНройрпБ роирпАроЩрпНроХро│рпЗ роЪрпКро▓рпНро▓рпБроЩрпНроХЁЯЩДЁЯдФ| Bachelor Food Series|Ep - 2|Vj Siddhu Vlogs,2025-06-06T09:45:28Z,PT19M47S,2492060,157366,1462
D_yuW5wZ2Jk,роХроорпНрооро┐ роХро╛роЪрпБро▓ Taste-роЖ роЪро╛рокрпНрокро┐роЯро▓ро╛рооро╛ЁЯдйЁЯШЛ | Bachelor Food Series | Ep-01 | Vj Siddhu Vlogs,2025-06-04T10:18:41Z,PT18M13S,2588853,188913,2715
6e_qFqrWCJ0,Iniyan ропро╛ро░рпБройрпНройрпБ роиро┐ро░рпВрокро┐роЪрпНроЪрпБроЯрпНроЯро╛ройрпНЁЯе│ЁЯР╢ | Vj Siddhu Vlogs,2025-06-01T04:30:07Z,PT20M22S,2749427,167599,1021
gsUfXFfa1Zo,ро╡рпАроЯрпНроЯрпБ родрпЛроЪрпИропрпЛроЯ роЕро░рпБроорпИ роЗрокрпНрокродро╛ройрпН рокрпБро░ро┐ропрпБродрпБЁЯе║ | Maldives Series | Ep - 04 | Vj Siddhu Vlogs,2025-05-30T09:30:07Z,PT19M24S,2627364,142890,849
wiH7lg3LxZM,роОро▓рпНро▓ро╛роорпН роТро░рпБ роЕро│ро╡рпБ родро╛ройрпНЁЯШТ | Maldives Series | Ep - 03 | Vj Siddhu Vlogs,2025-05-28T09:30:07Z,PT17M,2722061,161582,1384
VxJq7ZkGgPc,роХроЯро▓рпН родрогрпНрогро┐ роЗройро┐роХрпНроХрпБрооро╛ЁЯдФ | Maldives Series | Ep - 02 | Vj Siddhu Vlogs,2025-05-25T04:30:07Z,PT15M57S,2839455,169758,1066
s3Ci3qj7-_w,роорпКродрпНрод Flight-роорпН роироороХрпНроХро╛ ЁЯШ▒тЬИя╕П | Maldives Series | Ep-01 | Vj Siddhu Vlogs,2025-05-23T09:30:08Z,PT14M48S,3283683,184894,1340
Rk72E1wGRvA,Office-роЕ рокрпБродрпБроЪро╛  рооро╛родрпНродро┐роЯрпНроЯрпЛроорпНЁЯдй | Vj Siddhu Vlogs,2025-05-21T09:30:08Z,PT20M10S,3004979,168527,781
5c6_J24cYqY,Kerala Series Re-release Full Movie ЁЯФе | 4K | Vj Siddhu Vlogs,2025-05-18T04:30:07Z,PT4H5M59S,1954979,67868,534
UpYOrdGWWtQ,роОро╡рпНро│рпЛ рокрпЖро░ро┐роп роХроЯро╛ропрпНЁЯШ▒ | Delhi Series | Ep - 11 | Vj Siddhu Vlogs,2025-05-16T09:30:08Z,PT10M53S,2373841,133770,908
lmHOYfJI1ZA,роЕроорпНрооро╛ рокро╛роЪродрпНродрпБро▓ роироорпНрооро│ рооро┐роЮрпНроЪро┐ро░рпБро╡ро╛ройрпН рокрпЛро▓рпИропрпЗЁЯСйтАНЁЯСжЁЯе╣|  Delhi Series | Ep - 10 | Vj Siddhu Vlogs,2025-05-14T09:30:07Z,PT20M1S,2808418,157328,807
QYjkbaPsngA,роЪрпБроорпНрооро╛ роЗро░рпБроирпНродро╛ роХро╛роЪрпБ ро╡ро░рпБрооро╛ЁЯди | Delhi Series | Ep - 09 | Vj Siddhu Vlogs,2025-05-11T04:30:32Z,PT20M54S,2431688,138262,1117
PMbaMUWvrIw,роОрокрпНрокроЯро┐ роЗрокрпНрокроЯро┐ роХроЯрпНроЯрпБройро╛ро░рпБЁЯШ▒ЁЯдй | Delhi Series | Ep - 08 | Vj Siddhu Vlogs,2025-05-09T09:30:07Z,PT20M4S,2722394,167913,1377
VcC9P9Pncz4,роОройрпНройроЯро╛ рокрпЖро░ро┐роп ро╡роЯроХрпНроХройрпН родрпЖроХрпНроХройрпН роОро▓рпНро▓ро╛ро░рпБроорпН роТройрпНройрпБ родро╛ройрпН роЯро╛ЁЯзб | Delhi Series | Ep - 07 | Vj Siddhu Vlogs,2025-05-07T09:30:07Z,PT25M20S,2769504,158790,1506
u6GfIjM-PCY,роОройроХрпНроХрпБ роОродро┐ро░ро┐ ро╡рпЖро│ро┐роп роЗро▓рпНро▓роЯро╛ роХрпВроЯро╡рпЗ родро╛ройрпН роЗро░рпБроХрпНроХро╛роЩрпНроХ | Delhi Series | Ep - 06 | Vj Siddhu Vlogs,2025-05-05T09:30:07Z,PT22M41S,3011702,162062,757
_fSgUNXDq78,роЗро░рпБроирпНродро╛ро▓рпБроорпН роТро░рпБ роиро┐ропро╛ропроорпН ро╡рпЗрогро╛рооро╛ da?ЁЯШТЁЯЩБ | Delhi Series | EP - 05 | Vj Siddhu Vlogs,2025-05-04T04:30:07Z,PT18M54S,2931593,166583,857
7XF1mZHJtQs,Vlog роЗро▓рпНро▓ рокроЯроорпН тЬЛЁЯдЪ| Title Announcement | Vj Siddhu Vlogs,2025-05-02T09:30:03Z,PT4M24S,3064166,318750,11102
GfzsPSGOgNY,IPhone роорпБродро▓рпН Branded Shoe ро╡ро░ роХрпКроЯрпНроЯро┐роХрпНроХро┐роЯроХрпНроХрпБЁЯШ▒ЁЯТе | Delhi Series | Ep - 04 | Vj Siddhu Vlogs,2025-04-30T09:30:07Z,PT15M57S,3023996,150910,652
LXDpkV41eN4,Delhi ScamтЪая╕ПЁЯдХ | Delhi Series | Ep - 03 | Vj Siddhu Vlogs,2025-04-28T09:30:07Z,PT13M43S,2659267,146716,1097
JRBzSIBjE4g,Friends-роХрпНроХрпБро│рпНро│ рооро░ро┐ропро╛родрпИропро╛ ?ЁЯШВЁЯШП | Delhi Series 02 | Vj Siddhu Vlogs,2025-04-27T04:30:07Z,PT19M49S,2873150,166048,918
WhB8H7eD3ns,роОройрпНрой роТро░рпЗ рокройро┐роорпВроЯрпНроЯрооро╛ роЗро░рпБроХрпНроХрпБЁЯЩДЁЯлг| Delhi Series 01 | Vj Siddhu Vlogs,2025-04-25T09:30:07Z,PT15M59S,2916733,169902,1879
AOpTX6PRGV8,Happy Ending роХро┐ро░рпБроХрпНроХрпБройрпБ роЗро░рпБроХрпНроХрпБ ЁЯлб| Vj Siddhu Vlogs,2025-04-23T09:30:07Z,PT18M59S,2758020,180142,1074
tN-6pCjlzCM,Office-ро▓ Gossip рокрпЗроЪрпБро▒родрпБроорпН роиро▓рпНро▓ро╛родро╛ройрпН роЗро░рпБроХрпНроХрпБ | Vj Siddhu Vlogs,2025-04-21T13:00:07Z,PT26M48S,3134820,190000,1075
bfNy4v-QJBc,Iniyan родрпИро░ро┐ропрооро╛роХро┐роЯрпНроЯро╛ро░рпБЁЯШВЁЯР╢ | Goa Series | Ep - 14 | Vj Siddhu Vlogs,2025-04-20T04:30:07Z,PT14M40S,2831153,168718,905
uNWombvK8i0,роЪрпКро░рпНроХрпНроХроорпН-ройрпНройро╛ роЗродрпБродро╛ройрпНЁЯдйЁЯТЪ | Goa Series | Ep - 13 | Vj Siddhu Vlogs,2025-04-18T09:30:07Z,PT11M32S,2729619,171340,822
ruVtORMxxHU,роТро░рпБро╡ро┤ро┐ропро╛ роЪроорпИроЪрпНроЪрпБ роорпБроЯро┐роЪрпНроЪрпБроЯрпНроЯрпЛроорпНЁЯШВЁЯдд | Goa Series | Ep - 12 | Vj Siddhu Vlogs,2025-04-16T09:30:07Z,PT23M25S,3475442,180171,1282
2RKE3sQOmRQ,ро╡роЯроХрпНроХрпБ роирогрпНрокро░рпН роХро┐роЯрпНроЯ рооро╛роЯрпНроЯро┐роХро┐роЯрпНроЯрпЛроорпНЁЯШ╡тАНЁЯТл | Goa Series | Ep - 11 | Vj Siddhu Vlogs,2025-04-14T09:45:06Z,PT16M15S,2994557,170141,841
ALe4OeQ7QUA,Night Life In GoaЁЯе│ЁЯдй | Goa Series | Ep - 10 | Vj Siddhu┬аVlogs,2025-04-13T04:30:08Z,PT19M37S,3103371,183164,938
W15tZrGEq0Q,роЗройро┐ропройрпН рокро╛роЪроХрпНроХро╛ро░ рокропро▓ро╛ роЗро░рпБроХрпНроХро╛ройрпЗЁЯР╢тЭдя╕П | Goa Series | Ep - 09 | Vj Siddhu Vlogs,2025-04-11T09:30:07Z,PT12M59S,2877690,190540,1680
VaNszvM_bhI,роЗроирпНрод роХрпЛро╡ро┐ро▓рпН ро╡рпЗро▒ рооро╛ро▒ро┐ роЗро░рпБроХрпНроХрпБЁЯе│ЁЯФе | Goa Series | Ep - 08 | Vj Siddhu Vlogs,2025-04-09T09:30:07Z,PT16M38S,2714988,176547,1147
F4DdBTOFpV4,On The Way-ро▓ Pradeep-роХрпНроХрпБ SurpriseЁЯе│ЁЯОЙ | Goa Series | Ep - 07 | Vj Siddhu Vlogs,2025-04-07T09:30:07Z,PT15M22S,3046317,202493,1742
wF-EUkyl_B0,Rocky Bhai's Favorite Vada ShopЁЯШЛ | Goa Series | Ep - 06 | Vj Siddhu Vlogs,2025-04-06T04:30:07Z,PT20M8S,3161877,176443,1306
xqF5o5YfIoo,рокропрогроорпН роОрод роирпЛроХрпНроХро┐ рокрпЛроХрпБродрпБройрпНройрпЗ родрпЖро░ро┐ропро▓ЁЯдФЁЯШВ | Goa Series | Ep - 05 | Vj Siddhu Vlogs,2025-04-04T10:00:07Z,PT22M10S,3576243,191287,1713
EVhF0Lj57xw,Jack роЙроЯройрпН роЗрогрпИроирпНрод RoseЁЯШВЁЯлВ | Goa Series | Ep - 04 | VJ Siddhu Vlogs,2025-04-02T09:30:07Z,PT21M5S,3799786,206902,1371
T6NfqwoxQRA,Bangalore-ро▓ роЗрокрпНрокроЯро┐ропрпКро░рпБ роЗроЯрооро╛ ЁЯли | Goa Series | Ep - 03 | VJ Siddhu Vlogs,2025-03-31T09:30:07Z,PT27M47S,4142526,222746,1169
qssV6hyM8yQ,ро╡ро╛ро┤рпНроирпНродро╛ Iniyan рооро╛родро┐ро░ро┐ родро╛ройрпН ро╡ро╛ро┤ройрпБроорпНтЬи ЁЯР╢ | Goa Series | Ep - 02 | VJ┬аSiddhu┬аVlogs,2025-03-30T04:30:07Z,PT24M,4029963,236872,1644
OlWHS5nh8Ns,Boys Trip BeginsЁЯе│ЁЯдЩ | Goa Series | Ep 01 | Vj Siddhu Vlogs,2025-03-28T09:30:07Z,PT21M29S,4165906,234494,1589
UlIwSBnBDrM,рокрпБродрпБ Office-роХрпНроХрпБ рокрпВроЬрпИ рокрпЛроЯрпНроЯро╛роЪрпНроЪрпБЁЯе│ | Vj Siddhu Vlogs,2025-03-26T09:30:07Z,PT18M15S,4211864,284740,3806
81z8kDb1HS0,Street Dogs родро╛ройрпН роХрпЖродрпНродрпБЁЯР╢ЁЯдй | Vj Siddhu Vlogs,2025-03-24T09:30:06Z,PT16M51S,3438185,205290,1494
4cUYRH64ZLc,роЗрокрпНроЯро┐ рокрпБро▓роорпНрок ро╡ро┐роЯрпНроЯрпБроЯрпНроЯро╛роЩрпНроХро│рпЗЁЯШС | NattupuraKalai Series | Ep - 10 | Vj Siddhu Vlogs,2025-03-23T04:30:06Z,PT16M44S,1334460,102158,806
cJnFmwuF2fQ,рокро▒рпИропро╛роЯрпНроЯроорпН роЯропроЩрпНроХро░роорпНЁЯО╝ | NattupuraKalai Series | Ep - 09 | Vj Siddhu Vlogs,2025-03-21T10:00:08Z,PT22M55S,2248888,156882,1848
pUFfrDgAbS4,роЗроирпНрод роХро▓рпИ ро╡рпЗро▒ рооро╛ро▒ро┐ роЗро░рпБроХрпНроХрпЗ!!ЁЯШ▒ |  NattupuraKalai Series | Ep - 08 | Vj Siddhu Vlogs,2025-03-19T09:30:08Z,PT25M21S,3076587,202270,2247
vrWnzeivrR4,роЗройро┐ропройрпБроХрпНроХро╛роХ роХро│родрпНродрпБро▓ роЗро▒роЩрпНроХро┐роЯрпНроЯрпЛроорпНЁЯШОЁЯШ╢| NattupuraKalai Series | Ep - 07 | Vj Siddhu Vlogs,2025-03-17T09:30:07Z,PT24M6S,3518181,221933,2209
v4q6SNMM8nA,Hotel-ро▓ роЗройро┐ропройрпНроХрпНроХрпБ Allowed роЗро▓рпНро▓рпИропро╛ЁЯШ▒ЁЯШЮ | NattupuraKalai Series | Ep - 06 | Vj Siddhu Vlogs,2025-03-16T04:30:07Z,PT24M14S,3986437,261343,6331
K1hwb4pfzcU,роиро╛роЩрпНроХрпЖро▓рпНро▓ро╛роорпН рооро╛рооро╛ роЖроХро┐роЯрпНроЯрпЛроорпНЁЯе│ЁЯдй |  NattupuraKalai Series | Ep - 05 | Vj Siddhu Vlogs,2025-03-14T09:30:08Z,PT24M2S,3365887,216478,2979
JY2kSW8O7ZA,родрпВродрпНродрпБроХрпНроХрпБроЯро┐ роХрпКродрпНродройро╛ро░рпН 2.OЁЯе│ЁЯШВ | Vj Siddhu Vlogs,2025-03-12T09:30:07Z,PT45M44S,3984354,243560,3047
eObC-1lAM-E,роЗроирпНродрокрпН рокро╛роЯрпНроЯ роОродро┐ро░рпНрокро╛роХрпНроХро▓рпИропрпЗЁЯП╣ЁЯдй | NattupuraKalai Series | Ep - 04 | Vj Siddhu Vlogs,2025-03-10T09:30:07Z,PT26M1S,1923578,128126,978
t0HaAXvTMP8,роТро░рпЗ роЖро│ро╛ роиро┐ройрпНройрпБ роХро▓роХрпНроХро┐ро░рпБроХрпНроХро╛ро░рпБ  ЁЯШ▒ЁЯФе | NaatupuraKalai Series | Ep - 03 |┬аVj┬аSiddhu┬аVlogs,2025-03-09T04:30:07Z,PT17M43S,2081039,135989,933
k52e6cI636A,роХроЯро▓рпБроХрпНроХрпБ роироЯрпБро╡рпБро▓ Glass Bridge-роЖЁЯШ│ЁЯШ▒ | NattupuraKalai Series | Ep -02 | Vj  Siddhu Vlogs,2025-03-07T09:45:07Z,PT24M3S,2618076,157209,1275
FQDa6jJpmdA,роЕро▒рпНрокрпБродрооро╛рой роХро╛роЯрпНроЪро┐ роХро╛родрпНродро┐ро░рпБроХрпНроХрпБ Get Ready GuysЁЯШВЁЯТе| NattupuraKalai Series | Ep -01 | Vj  Siddhu Vlogs,2025-03-05T09:32:22Z,PT17M16S,2731975,175626,1828
Q72jAsF3KvI,ро╡ро╛роЯро╛ роЪро╛рокрпНрокро┐роЯрпНроЯрпБ рокрпЛроЯро╛ЁЯШЛЁЯТе| Office SamayalЁЯе│| Vj Siddhu Vlogs,2025-03-03T09:30:07Z,PT23M7S,2729304,156046,1295
6CrP2SV1gzM,роЕродрпБро▓ро╛роорпН роТро░рпБ роХро╛ро▓роорпН роорпБроЯро┐роЮрпНроЪродрпБ-ро▓ЁЯе║ЁЯдХ | Vandalur Zoo Series | Ep - 02 | Vj Siddhu Vlogs,2025-03-02T04:30:07Z,PT21M20S,2544960,148183,1653
J3LVBwXRQpE,роироорпНроо Vandalur Zoo-ро▓ роЗродрпЖро▓рпНро▓ро╛роорпН роЗро░рпБроХрпНроХро╛ЁЯШ▒ЁЯлг | Vandalur Zoo Series | Ep - 01 | Vj Siddhu Vlogs,2025-02-28T09:30:07Z,PT29M46S,3861897,191164,1301
KtMEIVCWrno,роОройрпНройроЯро╛ рокрпЖро░ро┐роп Mall-Uh Spencer Plaza рокро╛родрпНродро┐ро░рпБроХрпНроХрпИропро╛?ЁЯПлЁЯТе | Vj Siddhu Vlogs,2025-02-26T09:30:07Z,PT21M23S,3410523,206328,1596
aBjnmhdDoV0,ро╡рпАроЯрпНроЯрпБроХрпНроХрпБ ро╡рпЖро│ро┐роп роЖро╡ро┐ЁЯШ▒ роОроЩрпНроХроЯро╛ рокрпЛроЪрпНроЪрпБ роЪро╛ро╡ро┐ЁЯзР | Vj Siddhu Vlogs,2025-02-24T09:30:07Z,PT16M20S,3167972,200498,1645
-7tWhJzScqk,роорпКроЯрпНроЯрооро╛роЯро┐ Party рокрогрпНрогроХрпНроХрпВроЯро╛родро╛ЁЯШ│ЁЯШ▒ | Vj Siddhu Vlogs,2025-02-23T04:30:07Z,PT16M26S,3552733,212937,1037
EFYF77LYv_g,ро╡рпЖроХрпНроХроорпН роХро▓роирпНрод рокропроорпН - Siddhu's Reaction for FDFSЁЯдй | Vj Siddhu Vlogs,2025-02-21T12:30:07Z,PT11M16S,3177937,208056,2274
Vi2AicwDoRc,роЪрпБроорпНрооро╛ роХродро▒ роХродро▒ роХродро▒ роХродро▒ роХродро▒.... ро╡ро┐роЯрпБро▒рпЛроорпНЁЯдгЁЯдЩ | роорпКроЯрпНроЯрооро╛роЯро┐ Party ЁЯдЩЁЯП╗| Vj Siddhu Vlogs,2025-02-19T09:30:07Z,PT49M28S,6943731,366325,4321
aEjEoRY5d-A,Diet роЖро╡родрпБ Kiyet роЖро╡родрпБЁЯРЯЁЯШ▒| Taste Of Delta Series | Ep - 07 | Vj┬аSiddhu┬аVlogs,2025-02-17T10:15:07Z,PT17M1S,3000801,163914,1025
0h7MTAiEelI,Taste Of Delta-ройрпНройро╛ родрпЖро▒ро┐роХрпНроХрпБроорпНЁЯддЁЯФе | Taste Of Delta Series | Ep - 06 | Vj Siddhu Vlogs,2025-02-16T04:30:08Z,PT26M11S,2763235,163161,1108
iZhh5OrlFZY,роХрпБроорпНрокроХрпЛрогроорпН Food Street рокрпЛро▓ро╛рооро╛ЁЯдйЁЯШЛ | Taste Of Delta Series | Ep 05 | Vj Siddhu Vlogs,2025-02-14T09:45:07Z,PT21M2S,3317540,180484,1421
MJoltXbT_7o,рокрпКро▓рпНро▓ро╛род рокрпВрооро┐ рокрпКро▓ро┐рокрпЛроЯрпБроорпН роЖро│ЁЯШТ | Taste Of Delta Series | Ep 04 | Vj Siddhu Vlogs,2025-02-12T12:45:07Z,PT28M47S,5029666,273364,4452
EbNxjRu4VmU,роЗройрпНройрпИроХрпНроХрпБ роХро▓роХрпНроХ рокрпЛро▒рпЛроорпНЁЯе│┬а| Delta Food Series | Ep - 03 | Vj Siddhu Vlogs,2025-02-10T09:30:07Z,PT16M13S,2942496,171381,1080
orwTZUlfC9o,Taste Of Delta - роОрокрпНроЯро┐ роЗро░рпБроХрпНроХрпБройрпБ рокро╛роХрпНроХро▓ро╛рооро╛ЁЯдйЁЯШЛ | Delta Food Series | Ep - 02 | Vj Siddhu Vlogs,2025-02-09T04:30:07Z,PT16M54S,2676248,159221,1380
EBznhMZYpNg,роЗродрпБ роОроЩрпНроХ рокрпЛропрпН роорпБроЯро┐роп рокрпЛроХрпБродрпЛЁЯШ░ | Delta Food Series | Ep - 01 | Vj Siddhu Vlogs,2025-02-07T09:30:07Z,PT16M36S,3661596,188162,1857
LBAcqcda8CM,Squid Game роиро╣ро┐ Spin Game рокрпЛро▓рпЛ ЁЯдйЁЯТе | Vj Siddhu Vlogs,2025-02-05T09:30:07Z,PT24M39S,3188616,182241,1009
